 motiv, harm,stabi,ppsych, ses,verbal, read, arith, spell
-7.907122,-5.075312,-3.138836,-17.80021,4.76645,-3.63336,-3.488981,-9.989121,-6.567873
1.751478,-4.155847,3.520752,7.009367,-6.048681,-7.693461,-4.520552,8.196238,8.778973
14.47257,-4.540677,4.0706,23.73426,-16.97067,-3.909941,-4.81817,7.529984,-5.688716
-1.165421,-5.668406,2.600437,1.493158,1.396363,21.40945,-3.138441,5.730547,-2.915676
-4.222899,-10.07215,-6.030737,-5.985864,-18.3764,-1.438816,-2.009742,-0.623953,-1.024624
4.868769,3.029841,-7.648277,14.66879,-2.235039,-6.826892,0.82265,5.045174,0.904154
10.36737,5.039368,6.031902,-0.952449,-9.258073,8.485556,-5.67276,8.638372,-1.525859
-1.861007,0.39897,-1.041958,-14.56934,-15.99888,-0.763939,-11.33888,3.753714,-7.449076
-13.45222,-15.33323,-10.93822,-5.084801,-3.269256,-1.157033,2.397864,-8.26082,2.343741
2.852636,2.202829,-3.961495,11.20311,0.255099,-11.23815,-5.819805,-1.407573,-2.550445
-2.13548,-4.988594,-5.197804,18.16505,-8.722278,-22.84629,-9.586946,-5.120381,-10.116
-13.27171,-14.7165,-22.23784,-13.6173,-2.468196,3.22768,-3.136714,-9.810998,-5.178977
0.074682,-3.900125,-0.681536,13.45606,-1.11747,-3.047351,-11.52648,-5.075179,1.39274
-1.234672,-7.602469,-11.12077,9.088286,-8.614449,-2.908931,-0.894078,3.111883,4.711888
16.21586,9.221498,6.272686,7.127136,4.019466,6.209437,-3.797352,2.665741,-2.957346
2.627465,12.14683,13.39196,-8.771418,7.053579,7.89894,0.989484,-5.955518,-0.981625
-20.94704,-24.68432,-4.687459,12.43427,-1.293421,2.824059,-9.806948,-9.956636,-15.62768
1.803133,-12.25521,-1.746126,-20.89018,-4.172909,8.513219,8.840849,1.007681,-1.835484
-2.228813,-4.254879,12.91131,16.99625,-0.283493,-8.75446,-12.23398,-2.866628,-19.67285
14.55498,18.99767,3.717919,-3.370208,13.40055,12.2636,12.79322,14.93708,14.76894
4.125528,10.62105,8.8037,-7.604221,11.83647,2.967852,2.700116,0.029567,3.366162
26.18851,3.947988,15.3811,6.982169,-3.396308,-7.657275,15.76966,14.69327,14.36446
-1.465615,-5.553192,-9.931664,-0.893141,-3.798783,1.404684,-3.011194,-8.765556,-8.731384
-0.647465,9.829078,-15.92235,7.446314,3.744937,0.26195,1.216785,1.125835,-4.844144
-18.97242,-9.235368,-9.004735,11.73733,-17.13474,-19.7223,-28.10245,-22.03707,-20.28295
4.559503,3.448809,2.884197,17.32555,-8.092384,-12.47684,-19.09935,-5.541283,-12.2433
-3.140967,1.259062,9.169033,-1.30274,-13.58043,-6.266574,-3.387601,-25.51757,-4.841011
3.014924,2.707277,5.417004,-6.279855,4.469964,10.33888,-8.207383,-6.399639,-4.364006
-2.370748,0.03183,0.572178,13.95589,8.673567,3.28474,9.887384,6.417817,12.61939
5.41855,9.83124,19.69115,-6.499267,20.68366,0.520293,11.94811,12.71432,14.56473
8.727378,14.93565,0.743676,-7.352699,12.97151,-1.254842,-7.823664,-13.77584,-8.633338
-7.142818,-8.798584,6.145261,10.60358,3.259393,-11.88487,3.305861,-8.25016,-0.269256
-18.58579,-28.33313,-18.97574,-1.762792,4.691135,10.15023,-0.803259,-0.902806,-7.619422
-12.71571,-17.53058,-21.39575,18.92936,-13.58959,-28.62077,-32.83887,-25.80801,-31.36098
2.989872,-0.163277,1.832665,-19.31677,9.744982,3.032961,1.133266,7.215111,5.830274
-8.942353,-3.307332,7.368474,-17.65606,-9.100118,-8.077284,-11.60437,-9.764897,-20.1005
10.6092,7.488235,-1.144222,-3.412802,17.92701,-0.149757,9.262684,13.4294,7.652137
19.79164,17.92357,8.80551,-6.548356,-6.533484,-0.561116,15.91762,14.10764,11.9568
2.792732,1.89342,8.891873,-8.728039,0.473606,8.749257,8.32278,2.836057,14.54828
-2.337454,-4.23791,-12.66513,-6.288615,5.073901,-1.890261,14.96571,12.54369,12.5622
-10.16219,-17.07646,-12.53047,-6.09139,-6.003702,-8.997334,-20.37631,-26.70092,-15.92148
14.18544,30.11592,14.23683,-0.194569,-1.374157,10.86124,4.724268,8.552086,-1.68575
0.450449,5.341762,7.294286,-2.344373,2.424584,-2.25786,-7.990476,-22.42949,-12.96371
-7.736377,-4.140953,-6.459774,-9.748979,-0.571062,2.335346,-11.97384,-17.78593,-10.73805
-16.16346,-2.352734,-5.927586,8.405162,-6.241646,-14.00562,0.844619,-2.482886,4.508558
-15.27247,-5.743054,-8.419322,-9.379671,5.74538,3.432305,-0.447245,3.708429,-3.791845
7.318634,2.910257,15.7914,-1.269008,-4.399999,1.596679,2.676356,-2.938355,8.98642
9.711668,12.88682,3.96733,-6.668849,10.96991,10.8711,7.628061,12.47045,11.28812
15.29264,0.707507,8.242427,-12.59883,4.595829,15.22144,12.35279,23.25857,11.40878
6.868947,10.96951,10.33471,-15.85531,8.747093,-2.034079,11.34511,11.7072,10.93758
5.639946,16.9133,7.204308,4.190606,-15.64796,-11.86975,-14.2927,-12.214,-7.795939
5.475866,-0.018251,-1.372803,-14.72708,-3.381307,-8.229802,-1.978733,-10.90359,1.118181
4.200402,-4.928288,-1.11064,11.42041,-8.086724,1.856713,9.223515,3.122707,4.103091
4.692285,9.173414,7.51321,4.279761,11.92069,10.22768,14.36052,3.419206,7.769113
-1.804298,-0.610548,-12.58611,6.575298,-15.31393,-4.156193,-10.7264,-6.955839,-6.446322
12.0873,8.190776,-3.435212,11.72516,-3.13758,-2.205012,-10.38156,-10.42559,2.966294
-4.530589,-0.285389,4.08303,-5.339712,11.04484,0.430333,15.08704,1.447992,5.708407
14.06372,13.03003,-9.573537,-17.53519,17.05435,-1.01749,23.38211,17.35244,15.99764
12.80981,9.491538,6.762552,-18.99766,26.12034,21.94281,17.88118,12.35431,12.23874
-13.67006,-16.22956,-3.642075,-3.812595,-6.576661,-1.38328,0.543327,2.782085,-4.803398
-5.557656,-10.99779,-11.74298,2.625733,-7.016992,-9.505123,-4.79506,-9.278718,-0.735594
8.677933,5.975158,-1.059194,-1.160122,-1.612969,-0.913079,-0.643758,0.352363,-0.095231
12.3607,5.816749,11.28857,3.939314,-0.072843,-10.47388,-2.049333,-1.644375,2.998165
-7.244153,-2.210587,7.089716,7.671915,-13.34981,-11.32601,2.623318,1.87513,4.600026
10.50176,10.21083,7.448441,-0.656718,4.749889,4.255994,13.96686,9.495501,13.97285
1.014635,-5.936024,-14.26674,-0.631949,7.599782,7.128357,7.029827,5.209193,7.002407
-8.190607,-3.830786,-11.32651,14.80087,-2.886391,-0.033403,-11.68074,-6.091945,-3.671847
6.160249,-4.474294,10.73254,0.135289,4.18869,8.658644,5.855574,5.061427,3.883934
-2.471507,-5.747098,0.250555,-0.844523,-9.293329,8.601722,-19.04973,-8.523974,-17.03384
-16.03001,-3.511426,-0.753556,19.04811,-0.850903,-14.31579,-11.10869,-12.22744,-8.774477
-2.1034,-3.538394,-9.054876,3.598362,2.329291,21.36119,6.635933,-0.493621,6.082563
8.52743,4.304522,0.504548,-25.73079,15.57677,11.09667,14.99935,7.811078,9.705445
16.97749,1.329057,11.00538,-8.332683,6.240436,7.034323,4.259732,24.16405,4.069674
-0.333,4.937832,7.383134,-1.143598,1.430413,-8.557233,-13.07628,-7.776948,-7.446136
0.722464,2.22981,-1.633014,12.09263,-2.284056,2.062555,-0.060382,-2.542437,4.287946
-1.014584,-7.242685,5.461608,10.94693,-7.779516,-16.09851,-13.43232,-3.922631,-11.89937
5.271247,4.955983,20.99563,-5.452334,6.530163,1.043234,17.74533,9.400116,8.164227
-9.701431,-6.713346,-18.49718,18.79565,4.100006,-0.26747,-11.21529,-6.121299,-10.65462
7.57907,7.627819,19.41344,-1.607714,-11.66244,-13.83166,-0.072482,8.861589,10.60835
-6.882063,1.36693,0.415179,2.001972,0.353798,2.305555,-12.56582,-8.897961,-16.47968
-5.786774,4.239732,2.330751,8.451067,-8.718109,6.012154,-5.855196,-0.660035,-10.55413
6.693964,8.683398,-7.167338,4.619688,2.61468,10.25274,-9.798716,6.528062,-2.843422
-2.648439,4.12474,10.06207,-7.752047,3.79667,-8.576514,1.161425,0.453442,4.106342
8.703713,12.75129,-1.793788,-15.73228,-3.196635,7.15301,5.575903,0.960671,12.29578
13.88656,16.74647,24.10969,-8.844332,12.17758,20.33497,4.482802,6.989623,6.220484
11.08443,22.08027,21.79799,-3.596789,7.194687,0.30291,1.496774,19.74404,-0.781567
-20.97128,-8.091766,-9.851861,-3.295207,3.331323,-22.54611,-6.212379,-19.69214,-19.58042
-4.916105,-1.065247,21.89453,-2.320089,16.20981,12.73212,14.2103,7.651403,7.039064
-20.46113,-5.218122,-14.78522,9.929138,-10.15731,-7.484533,-25.56933,-20.42177,-22.99856
-9.767687,-15.77718,-6.531761,6.860758,-8.597039,-28.87978,-18.52109,-14.08225,-11.9724
6.153517,3.406977,4.759233,5.973741,9.507123,12.72702,0.593997,-0.583645,-4.765257
-12.16716,2.868252,-6.00209,13.19731,-7.252557,-10.0791,-17.35105,-14.79642,-13.03607
8.851975,-3.470612,21.18998,22.39964,-19.02034,-6.200678,2.11287,9.333937,8.527912
-0.390027,-3.490002,-17.21627,-0.741,2.335344,-0.48817,3.696097,4.542965,2.641033
1.759491,-3.308421,5.244626,5.151439,-5.00389,-23.98813,-16.26135,-11.02548,-12.45178
5.711548,0.063549,2.156644,1.203681,24.97538,-1.309072,1.151833,0.092808,3.060404
14.1508,14.26373,5.912908,2.159039,15.47179,3.891049,6.068187,-2.245192,3.767511
5.71275,11.33343,11.66469,-9.883909,12.36701,9.914675,0.200506,8.664874,-0.117771
4.56946,-2.380485,1.429592,6.579036,12.07574,3.137046,5.013787,3.322389,3.727444
19.74778,8.802958,22.32188,-13.97765,-0.029856,4.976766,6.613421,-1.210037,19.67611
9.038125,9.481726,16.20007,-19.76849,-3.374066,7.139565,2.87257,-3.831109,5.197333
3.785077,11.24916,15.4992,-0.949667,0.124732,-2.078516,4.214746,4.842884,-2.604438
5.7696,7.432057,1.085641,-16.22577,2.421439,6.793424,-3.356008,-4.575866,3.447782
8.154062,10.19561,-5.520872,-3.220755,5.054376,0.629885,14.73677,4.697732,12.89312
8.42915,8.529642,16.36177,7.003869,1.494061,0.362913,3.516841,2.411227,7.043731
-14.76856,-17.23192,-15.26749,10.08686,-11.32941,-11.38654,-14.10945,-15.58619,-11.2833
-5.977497,-2.158546,-11.9325,10.011,-9.036812,-11.41528,-11.5631,-4.91825,-6.455764
2.873236,1.262148,-1.413059,-9.935079,-4.323707,4.841576,5.032551,-0.485456,0.448892
21.21174,16.30041,5.77127,-15.28139,27.65088,18.68705,11.32133,16.00229,12.36206
7.320471,5.432509,2.460162,-7.8067,-2.258514,-15.41478,-1.514679,-1.952247,0.045267
6.485012,-4.438896,10.68062,4.49457,7.637625,18.86743,3.950732,11.3932,0.804995
11.69172,-3.149401,3.2114,-13.28225,13.3263,24.02977,15.47739,25.87265,26.93276
-3.733639,-5.41226,0.425019,-18.79863,6.317701,23.93004,1.574139,9.585224,3.548366
10.18358,7.111922,14.40981,-1.130184,24.46989,15.32188,16.25008,19.58225,15.21573
4.995244,9.344945,11.32208,8.883311,6.708835,-3.096504,6.741341,-3.843763,0.682562
0.921047,-3.894291,-8.95143,5.027411,13.76377,-7.429968,-4.475402,4.521432,6.087414
-0.430087,-8.875284,10.58257,-13.64264,-1.332545,1.009905,3.866925,0.951513,3.653705
3.311066,-5.989038,5.372888,8.7341,5.020759,-5.974007,-5.614185,-0.345237,-1.246815
-1.17663,-2.866612,4.530241,18.82124,6.012055,-4.858433,7.523572,4.039099,1.349503
-1.037845,-0.625837,3.48639,-23.0634,17.2831,0.065421,3.46593,-6.299058,2.438303
-10.45788,-5.331743,-3.022299,-4.876268,-17.54535,-10.93969,2.022862,-3.231525,0.228017
12.52849,20.86989,10.49889,-8.058745,10.33371,15.06428,25.13919,24.08022,24.02168
12.2829,4.262094,8.304576,-6.355289,5.204489,-4.874524,-1.66613,4.016885,-1.424621
5.608508,1.252902,19.01334,-7.285291,-1.567083,-6.190713,-12.13589,-0.833829,0.698087
-5.572068,-6.000304,-3.620207,11.028,2.025176,-7.496544,-2.127123,-6.140625,3.773828
6.751894,1.456178,-0.856459,-2.614377,1.250994,6.122659,9.574,16.19135,19.59509
11.92155,-6.747988,1.724367,0.750714,-9.573907,-7.280242,-7.047673,3.564208,-4.50108
5.447405,-2.262796,18.95697,12.65786,2.529546,-6.981053,2.03903,2.376283,3.816444
-5.703391,5.530522,10.27315,-6.380928,4.248238,-3.311013,9.984396,-4.112209,3.248697
-1.034563,12.76676,0.03917,-10.3762,13.98363,-4.822583,-2.684253,-1.320503,1.953956
-6.682473,-2.708279,5.682007,0.725944,-5.927966,2.037095,17.08426,12.64167,14.1234
-2.568812,-0.409658,3.477479,1.937112,-4.880899,-7.034422,2.814501,-0.584932,-0.562686
-4.19902,3.281846,-5.085419,-3.266153,5.559685,-3.818605,-2.501682,-8.836926,1.102605
-9.432201,-17.6139,-12.46705,-10.33494,-3.463247,1.160346,-6.57339,-17.88569,-11.90227
7.896635,5.203585,12.47063,-2.715355,6.266772,3.765983,17.14406,17.6775,11.88872
9.59797,12.81038,5.310347,-5.2297,8.641309,20.27932,16.26639,14.40703,17.8378
7.726818,-9.217314,5.422468,-5.938616,8.637509,3.320446,-0.344166,-3.087904,-7.153088
-6.296026,3.596359,5.336969,10.05327,-1.776141,-23.15542,-15.20608,-9.369053,-3.895205
-2.18842,7.938974,-8.380803,2.329826,0.756593,-6.386928,-2.252918,-3.802012,-6.667875
-1.168089,-10.46661,-11.9372,1.511177,-0.339873,-6.412065,8.21794,3.481481,9.024235
14.05812,15.43609,-6.95833,6.747761,11.6545,-2.253046,3.693355,4.131566,3.401078
-33.97121,-23.29451,-22.89859,7.267093,-1.412589,-10.84934,-22.25329,-24.96367,-24.34304
2.308777,4.788923,-1.763525,2.611655,6.176401,8.935698,12.55062,12.29395,11.43815
3.225522,2.853622,3.079808,-2.228937,8.210433,1.802935,-5.287473,2.987423,-2.868808
1.069634,1.622496,-2.258969,-3.52757,11.56493,-11.21068,13.57156,6.371087,3.619447
-18.51454,-12.3148,-13.28601,-16.47188,-8.630685,-2.898104,4.321482,1.556658,0.873122
-1.484643,-1.081277,2.363615,-10.49075,-8.236621,-8.344658,-1.732839,-9.754149,-0.251446
11.1711,10.58524,3.000782,-2.656981,2.829291,1.727861,3.431978,8.463795,9.438311
13.48948,13.14501,15.70691,-10.37721,-2.562719,-4.372844,9.989278,6.838566,11.49957
-20.23548,-14.10205,-2.109484,13.36877,-14.79921,-18.8787,-19.04218,-13.74851,-11.51846
-6.961362,-6.828644,12.08438,16.15219,-20.67084,-12.13548,-8.629325,-13.43021,-4.071971
15.83907,9.000556,0.204589,-15.67664,12.1399,5.042688,6.548666,13.0065,13.79743
-14.68284,-18.82161,-16.47721,3.987875,-7.255434,-12.62084,-9.706345,-12.8662,-6.899539
10.40018,16.1232,14.09172,-1.854814,-1.052085,-3.225107,5.608347,-11.42691,7.047414
16.70391,13.12372,8.853821,4.108279,-10.52842,9.242774,2.241784,7.621449,2.653084
5.786038,11.31489,-4.051364,0.632123,-3.838469,-28.40581,-6.654581,-1.891583,-2.461661
-14.15149,-10.41012,-15.88409,-5.410954,-1.045631,4.989968,-9.257385,-16.688,-22.86535
-3.954012,-1.76569,-13.00844,-8.17533,-7.167891,-7.984711,-3.97684,0.128429,-0.276238
2.775058,8.490323,-8.372564,4.011241,-5.021942,-17.70019,-0.083536,-16.26957,-9.486772
-7.459465,-9.443934,0.252237,9.5733,-19.73711,7.618691,-10.86767,-9.339994,-2.430815
-2.364696,-6.199315,-17.38608,0.459597,10.4124,0.584315,6.870185,8.015102,12.21453
-3.158073,-6.693296,2.408921,3.626887,-8.161607,-7.223433,-4.391439,-0.619898,-8.075165
-7.460887,-3.994729,-18.51405,9.20511,-20.44171,-8.601484,-19.80807,-22.06345,-24.8802
-1.349574,-1.370855,-2.271836,-5.036305,-4.805199,0.171825,12.86669,6.804118,8.150352
-1.091775,2.577727,10.51623,0.872448,-20.7912,0.899018,-1.546113,-4.990643,-1.01524
-12.04495,7.344744,-6.6733,8.090889,6.855668,-7.499114,-13.9488,-16.01402,-17.57486
-6.766997,-10.31194,-4.10326,-16.22577,18.50363,6.224869,-1.506128,-6.717919,-5.153076
10.31149,-1.576435,11.9659,10.46167,-14.58064,6.245472,-0.662703,3.986553,0.282324
9.95911,14.39405,6.36488,-8.086315,4.555344,17.58048,15.71915,12.56609,13.38795
7.005773,11.92461,15.21379,-0.572298,-0.939488,-5.076113,-8.205746,-2.846979,-4.842364
8.666424,3.38831,-7.037547,-15.26517,8.418831,16.00735,26.59051,9.284748,23.41684
-0.226802,-1.666428,1.408328,-2.971023,-13.44505,-3.575121,4.652911,4.391899,-0.94259
-14.56114,-19.79927,-14.0003,8.668185,-0.838937,-10.01948,-29.54749,-7.447939,-20.58426
4.69559,-8.314282,7.147456,15.8242,-5.578716,-9.733388,4.707673,-0.187492,2.571377
7.893845,3.231373,-1.501262,-4.819527,-1.108397,-0.508388,8.759155,6.120279,0.494919
1.514207,-0.655733,-0.742904,3.831729,-12.20981,3.207944,-1.232137,-8.222163,0.167783
0.386609,-2.572697,-10.26284,-5.902007,0.523059,8.898966,15.97275,5.860171,13.46786
-10.65245,-15.04581,-3.056863,1.036821,-9.61511,-4.486324,-4.125191,2.21678,-9.169347
-17.0871,-20.07198,-18.30855,1.94435,2.980076,-6.047608,-8.816168,-1.921739,-12.00733
8.491136,6.71771,-6.934131,-21.85401,18.53315,5.300977,5.363996,8.615309,11.86024
6.353312,11.04937,4.595769,1.930648,2.689463,0.309475,7.438453,3.646004,11.94232
-4.032564,-2.419633,8.624296,-7.844869,0.839224,0.232657,7.966545,0.563246,5.453864
4.398282,6.651824,16.20637,11.38039,-19.59815,1.510565,4.361611,4.682472,6.223044
17.83335,13.58131,-6.941879,-0.377649,-4.18572,12.24564,18.30078,15.27635,24.78565
-4.120121,-4.315748,-6.309215,-8.635014,3.803776,1.183789,-16.48584,-14.64984,-8.547785
-11.12184,-8.006283,4.776764,13.20452,8.021261,-3.648394,1.562516,-7.809749,3.023778
5.51854,3.250342,7.734872,-3.40748,-5.96599,4.629183,3.23103,-0.041544,-6.158715
2.261657,1.565066,-11.52437,-0.233204,-6.237159,-15.79624,5.114694,12.26293,1.405324
16.05455,4.051578,11.53261,-3.73463,6.299253,6.042945,-3.497889,3.737186,-5.477083
8.727355,5.807313,8.26646,-7.755685,19.39946,11.18702,14.00668,18.405,15.17852
-3.909386,-12.20313,-6.660259,5.900353,-3.021957,-5.954379,-12.57014,8.254248,-3.852807
-10.3779,-3.657044,2.329393,13.50869,19.24752,0.691208,-7.765494,-5.852113,-15.40531
1.785291,2.642239,11.31741,3.283132,7.601766,-1.816503,1.927839,0.454299,4.11811
19.64487,15.16992,11.80477,-15.23906,4.845672,11.62859,13.92354,16.63746,14.45876
6.61091,16.34118,4.848501,2.751909,2.162032,14.3098,8.00578,19.14376,12.83385
-6.561765,-0.905367,1.857877,-3.745523,-6.201988,12.48208,12.31723,10.30007,16.62509
6.536961,3.049098,0.350941,4.155278,7.947306,-6.715918,0.676089,-0.835677,-1.408176
3.4637,6.458191,-17.00178,-15.59932,21.34943,-2.434667,1.276136,0.865664,-2.469656
-1.19975,-9.296178,-19.13661,0.092543,-14.86045,-6.243035,-20.7144,-10.65464,-26.36028
-4.616147,-6.213769,-2.560348,-1.791409,8.333518,1.526704,2.668202,1.00729,-0.214115
-9.472829,-8.063358,-3.717507,24.62742,-14.28264,-7.276073,-12.16773,-13.0655,-13.95381
-7.850628,0.680632,-7.552399,-0.274791,2.089816,-2.597481,-2.439077,5.524038,1.889894
-7.55182,-14.61152,-17.13405,10.66426,-9.261585,-12.58727,-10.94301,-8.062094,-11.01809
-8.709044,4.169257,7.977823,-16.09241,-0.341651,-6.205178,-8.589949,-12.85348,-6.772153
0.200324,10.72072,11.9194,1.389227,-3.212551,11.14887,3.541638,13.66552,-5.735195
-7.034509,-9.751347,-0.816278,15.04808,3.227278,12.3925,0.888468,0.633955,3.240114
-13.31039,-9.220378,-7.767379,10.93976,-7.622614,-7.301409,8.860416,-1.391077,4.527741
2.966531,-2.338124,11.22336,1.893582,3.787082,-2.877751,4.04154,5.885337,-7.875893
-9.888801,-9.793023,-21.69861,-4.975089,8.437107,11.90784,5.416768,13.80509,-3.05057
3.317975,11.08582,5.82985,-0.860618,5.810105,15.3281,-7.164662,-0.118986,-4.140284
-21.65962,-15.84383,-21.54173,11.68518,-7.857944,-2.765307,-12.8502,-7.519407,-17.84421
21.07718,16.40703,-3.502262,1.073927,-2.31773,-2.456469,13.15792,9.917017,7.333475
3.600218,6.225776,11.29236,-12.06872,13.6659,5.190394,-3.844084,2.649005,-5.208199
-1.537148,-4.339539,8.681066,2.772176,-8.257988,-3.366492,8.73411,-1.877244,12.12428
-6.678017,2.292689,-6.924523,3.904028,-6.096246,-4.372669,2.410546,7.219462,2.030089
-1.201123,-3.229319,-10.58355,5.946892,-18.9465,-7.306988,-2.273422,-13.98442,-1.40266
12.81937,3.48615,4.671652,-21.27863,7.688148,22.24539,6.267371,6.491894,8.238558
-0.575655,-7.256778,-8.274794,-11.03933,-6.031728,-7.574958,0.848794,0.945558,-0.164254
-6.848316,0.333816,-9.110391,-12.1994,7.143137,4.890893,2.834941,-1.508383,6.955899
12.34126,18.41987,9.809103,-2.648365,-7.33481,-1.751911,8.767592,3.322894,10.77168
-0.248206,-8.80747,20.73146,-9.335598,16.14101,27.65674,13.76344,-1.050525,10.17235
0.225541,-5.798618,0.614388,7.322482,0.74466,-15.17732,-9.328381,-1.5437,-1.441896
8.951061,8.671972,3.85687,-11.36755,11.82744,3.367149,-1.405647,1.989458,-5.179127
-5.258317,-0.923806,10.62508,17.37209,1.140689,2.773148,2.011044,-4.906392,-12.91856
-14.57997,-6.593527,-5.623227,16.95129,-6.565311,2.126996,2.324436,-5.642856,0.229441
0.989499,5.677983,1.079648,9.898928,-2.771857,3.994111,3.285567,-0.518224,7.291014
-9.449557,-7.425961,-6.748873,0.366382,-7.955541,6.28121,-9.453739,-5.661188,-17.42686
-16.71824,-9.57491,-3.984946,-3.295268,3.053978,-7.361662,-6.187193,-12.83337,-3.239563
0.430146,4.08247,-7.109807,-8.795938,-12.88384,-1.21063,2.655382,2.560768,-4.158179
-7.176464,-3.845436,-21.07644,11.77001,-18.84918,-7.767036,2.818157,11.17394,-3.322257
18.70052,17.01399,11.99248,-2.171486,12.5986,3.230805,6.879764,8.340626,2.418967
-26.13436,-13.57676,-11.32031,-1.307405,4.40472,-13.35304,-6.732817,-16.17935,-10.31945
0.991593,12.68611,7.476294,-16.81164,8.945391,15.6032,8.799785,1.658475,10.89868
13.82718,24.75595,17.58181,-13.60402,11.41756,22.69183,11.84881,1.176416,10.12024
0.856728,-0.24573,0.631189,20.56449,-5.062159,-13.26781,-0.238903,0.179548,1.148421
2.51747,9.796182,8.604848,3.400977,-4.17152,7.712476,-1.603689,1.0947,2.641055
10.2677,0.502337,9.226213,6.159965,-8.884755,-12.82795,-6.361233,1.215338,-0.480292
-14.37574,-10.25043,-13.03621,-8.061433,-9.741315,-0.158827,-4.290537,12.64571,-6.575319
1.632909,0.05785,9.144588,-7.921205,-3.132605,-0.122212,1.876785,0.124703,6.198187
26.46903,16.43062,23.86423,7.893248,18.56323,11.87079,27.60558,33.04831,22.63263
3.764886,9.17447,-3.119675,-16.46259,12.76498,0.034075,6.721888,6.296967,0.270652
-11.50138,-16.35138,-8.51817,-9.398696,8.267953,-9.002345,-8.472215,-13.07948,-5.751866
-14.08928,-11.81111,-18.55733,4.04108,-3.894798,-15.73671,-14.19894,-19.43918,-16.02997
9.710218,4.36044,14.89852,2.326711,11.55459,11.56116,9.79523,8.774062,5.715774
0.253924,2.107358,-11.16418,-2.128022,-0.232564,-5.698928,-1.390542,4.221715,-2.056407
-18.13825,-21.62914,-14.35004,20.38749,-20.05085,-21.91211,-15.2266,-8.172973,-17.78394
3.390841,7.087799,17.15713,5.983284,2.490586,3.91544,4.293641,8.002233,2.48687
-0.038989,6.847373,-1.863675,-10.76418,-3.697712,18.38706,11.86257,1.440781,7.871337
-5.979357,0.068595,3.323136,6.100646,-4.736043,-0.002508,-9.87263,-8.837355,-10.93744
8.648338,7.937891,-0.87698,5.459157,-0.993715,4.087323,-2.090512,5.950401,5.653527
9.059507,10.48694,-0.41019,5.139437,-0.758076,-0.48899,-4.142961,-1.643949,-0.59274
1.726487,-1.327756,-13.55315,1.436145,10.52148,-1.274993,9.647166,2.563729,9.414465
-1.678993,2.228692,10.51534,-5.934989,5.094244,0.537832,4.774253,-2.963629,6.233429
-1.341751,-5.085409,8.501648,-5.200832,7.006384,7.461563,-8.070762,-5.132084,-1.96768
1.333812,6.285055,7.573945,12.00743,-4.137992,-7.127447,-2.128081,-1.192565,-0.450357
-7.25185,2.587224,5.745109,4.149557,-1.959739,-8.169025,-2.031235,3.175105,-3.185843
10.28433,10.0704,-7.950572,-5.765187,4.718976,-10.85227,10.55723,1.312327,10.83958
-12.63705,-11.04303,-12.30355,1.277098,3.104253,-10.64071,4.135683,-7.450861,-1.053765
-5.407184,-9.853936,0.907411,-5.811558,-12.01457,-11.07526,-10.73085,2.446191,-15.55487
0.048469,-1.920102,-0.78922,7.411731,-13.07934,3.806882,1.898059,6.89706,0.538382
-0.641925,3.275046,1.485163,9.432785,-24.94065,7.368284,-9.563697,6.884566,-11.81133
-3.178128,-3.346542,6.118427,-15.73612,11.8957,5.840182,-3.614337,-3.872674,-7.507335
-0.788796,-0.728118,7.286467,-4.928553,-1.47195,1.548309,7.402015,7.409366,15.20024
3.70819,4.726203,-3.884399,2.082482,-3.003204,22.46734,3.398393,-3.006113,-1.279919
10.58988,15.22113,8.359285,-1.775894,-8.336635,1.727742,-5.549313,-5.033472,6.379549
11.221,8.494716,21.41783,-20.43966,2.794669,12.48634,23.39465,17.69007,18.42122
-4.612973,-13.47779,-3.319135,-4.843992,-9.830875,15.56792,6.821216,-4.398792,4.99967
-14.51547,-0.154375,-7.536018,-1.672626,9.168639,12.89989,2.271742,-4.87782,-6.276344
-0.602709,-3.59386,-0.125427,5.656171,-8.147988,-15.30157,-7.198169,-6.781458,-0.462666
0.151938,3.87744,11.20922,-8.649208,4.753534,-3.068557,4.596016,-1.748776,4.214458
0.837668,10.01849,-4.388524,5.56618,-1.937499,6.887429,9.207264,-0.582964,-2.396442
20.26589,9.964013,18.66871,-3.246541,2.342914,5.905672,4.936078,16.69919,9.484778
-11.6815,-11.81281,-10.45103,6.137651,-1.69488,-3.912866,-10.42863,-7.011952,-10.79707
6.818601,9.607911,10.0185,4.884636,-11.81416,-9.67247,3.074678,-1.055443,6.327805
-1.454545,-1.041362,-6.188759,-7.177172,-4.082156,1.828897,-0.484037,0.651968,-3.75183
-0.200915,8.749657,15.41827,-0.551283,9.092724,-6.666549,-8.156361,4.674964,-8.802554
12.07541,20.81824,7.638103,-12.14258,5.742034,2.294884,-3.349586,0.424883,-2.718889
1.781523,-3.861746,-2.298448,-1.272757,-3.625909,-3.895478,5.434461,2.872128,6.309639
-7.705548,-11.77735,-6.835699,4.088738,-2.319976,-11.24726,-16.00241,-17.96788,-14.51024
-3.763378,-3.301903,0.353165,4.424506,13.80687,-1.679918,-8.184258,7.469859,-0.992636
-14.81458,-25.80543,-8.08055,1.417085,13.23342,11.3735,3.629419,-2.633566,-6.062704
10.58077,5.123122,1.732301,-16.22467,11.77933,2.414958,25.97227,20.31735,22.02604
17.46796,11.21194,7.791288,7.358105,2.508689,-3.057062,11.10934,19.73752,13.07357
3.76077,6.934317,1.86217,-6.727237,-14.25954,-5.681049,-9.039514,-16.51766,1.158222
2.14969,3.945262,-4.838924,-11.90698,8.281417,12.28046,10.3916,15.25613,5.100313
-13.77229,-12.53837,-13.63894,0.475979,-3.227574,2.639425,-3.800351,-2.279366,3.107705
4.527696,3.9183,5.036891,19.34029,-3.294773,-12.88328,-0.964681,-1.580664,1.951723
24.64808,13.97681,10.76216,6.7465,29.09634,11.83097,20.45402,30.09022,25.25902
-19.96414,-12.19894,-1.305413,15.90106,1.15542,11.47383,-7.703165,-5.497574,-6.800591
2.029257,-1.659653,-3.625842,-15.39536,11.20844,16.13885,-1.150392,7.723702,-2.269652
2.040471,0.05721,-10.66163,1.355867,12.70247,-7.494375,-3.415984,-4.77068,-0.523089
-12.28338,-7.219087,-2.386345,17.0325,6.188751,-14.36484,-11.11647,-4.078297,-12.13664
-15.66539,-17.86057,-13.40915,6.725409,-2.433649,3.817445,-16.25643,-13.55569,-18.3599
-11.6701,-6.376949,-3.23194,21.33972,-19.74247,-15.69545,-28.27539,-17.16702,-28.30315
4.628966,1.51269,1.602194,-11.14986,-16.08371,3.048223,7.671726,4.858953,4.21513
1.329245,4.111417,19.19419,-7.782315,8.910807,1.035842,-6.473103,1.430041,-7.629564
0.757245,0.213588,-2.160281,-3.841255,-0.349144,1.546332,-19.66024,-16.19399,-9.4135
8.229867,8.196971,6.68981,-11.52282,13.25377,-2.953832,4.782881,4.548576,6.178818
-7.361532,-10.04199,-19.67208,-1.723792,2.36419,-8.515938,-8.89284,1.298983,-3.626323
5.466552,11.09811,9.3643,8.916479,-1.051123,10.75312,-10.16875,-6.871268,-13.75733
0.512988,-0.797061,3.285501,5.512617,-17.52095,-15.95293,-13.50351,2.015229,-7.123272
-0.544801,-8.22003,-11.98482,6.699225,-4.331834,3.120184,23.72953,16.01599,22.32966
-13.05096,-12.22243,-6.483768,-17.0568,-5.25288,0.513809,1.464522,-8.208676,-3.641792
-10.72127,1.64646,-2.668206,7.461427,1.96612,-4.942841,-0.605026,0.34498,-2.198708
17.28729,13.7859,14.83234,-31.09393,21.82793,19.49242,11.36468,13.25811,7.718394
14.55419,10.85598,8.778725,-0.831021,15.33146,4.82798,8.568442,0.570873,11.63443
-3.649845,-0.124287,2.239454,-4.872625,11.19677,10.46139,15.0766,5.190245,14.72625
-8.987159,-10.23952,-16.98855,-1.023335,-0.735712,-9.61804,-14.62307,-8.947781,-13.18498
1.525778,1.560569,-3.677163,-2.871892,-0.88049,6.16262,9.599731,10.55047,5.75954
12.4133,11.10443,4.774395,-12.47406,-2.617469,-0.679175,1.971968,1.498949,4.650296
-2.599002,-7.725225,-8.583366,-1.37502,-9.17014,-2.689472,3.860929,-0.492065,8.828992
9.729379,10.75681,12.66888,8.055552,-5.856315,10.29025,9.190754,17.01151,9.206284
-0.833071,0.285535,-13.39559,7.473377,-20.91393,-14.52879,-12.46485,-3.24331,-8.155373
20.06982,18.91851,29.63494,-7.198145,11.0664,14.09909,20.5799,18.86654,23.55476
-7.37373,-11.35356,-7.378384,-3.825923,-7.277329,-4.679847,4.17355,2.195814,-0.405888
12.00821,11.19563,1.432971,-23.5525,0.735117,20.97363,21.72737,11.43212,15.07497
14.26045,12.79327,0.638793,-18.59101,0.600699,-4.756173,7.893592,5.007321,16.44823
-0.030644,-3.734795,-7.254476,16.00751,4.904917,5.62573,12.95179,18.54651,10.36636
22.52586,6.694447,4.268653,-9.499984,1.868258,-5.853888,-3.204028,5.603992,-7.152043
-14.53737,-3.026431,-14.65695,-5.328131,-8.36929,0.163966,-0.44592,-23.49613,-7.099267
0.320923,-5.092322,-10.61201,-11.19665,7.957461,9.607521,12.93704,13.83267,6.826191
7.74236,-1.993468,10.14676,-9.615833,2.207785,14.51913,10.28156,11.62079,3.17671
4.978088,-0.357011,1.334936,-11.02387,17.59137,4.407557,18.94464,-7.811458,11.71168
-23.92328,-11.83347,-13.61891,-18.00189,11.44973,-0.129459,-8.416848,-16.82961,-8.821577
-11.69315,-19.53498,-1.579204,-10.27467,4.868381,11.37598,-2.129893,-1.924695,0.521417
-5.128281,-10.73627,-1.954453,5.987332,-4.041644,-3.835312,-3.865599,-10.98837,-7.271436
-8.198375,-11.40383,3.59248,5.836563,-2.547455,2.638951,-10.82128,6.31822,-17.4164
2.088586,13.57175,-1.024726,2.012945,-13.61649,-12.05225,-10.30697,9.33091,5.655369
10.27099,10.28473,14.99087,-4.625338,13.61246,16.66155,15.48899,10.16365,5.7191
5.923495,6.054442,-3.229871,-7.030259,1.795812,10.37134,-0.459728,6.974519,6.195481
10.75836,16.39764,5.511518,16.09115,-17.15081,-1.500875,-2.818061,8.127822,2.682568
1.883117,0.679883,-0.994513,3.28022,3.64513,3.168658,4.500006,-1.044401,6.365167
14.69563,16.3888,12.52648,-13.38791,7.353014,-2.778341,6.137259,15.8457,8.017553
21.04782,21.79562,13.30801,-0.248774,-12.0871,5.57028,12.4762,7.607256,13.36233
-1.311312,1.214173,2.573244,-8.5136,2.170188,3.480294,11.77799,12.88354,10.19278
-2.795136,-13.74099,-9.355357,2.610683,2.973712,5.380696,-0.849312,1.254105,-0.714093
16.07192,23.42282,6.510019,-3.483735,4.710385,4.959216,20.69377,17.93035,18.54252
2.653159,-1.925495,-2.51562,-1.256896,11.36094,1.956376,-0.986089,-6.552398,-2.613697
8.738715,1.464542,-6.242443,-5.001724,5.085864,-5.703956,7.831146,3.622963,6.577893
12.84846,9.067246,-0.038332,5.755551,13.86733,15.35471,7.507796,18.10439,-0.615311
2.154522,-7.593013,5.044528,-9.231754,23.84024,5.874506,13.00676,11.45652,10.777
-10.20789,-5.248483,0.812017,-6.079026,10.12032,6.351998,-11.06148,-10.44784,-13.23007
24.32985,31.16372,16.67186,-4.076923,11.00103,-2.981175,3.098753,19.32216,7.066518
12.169,5.304745,7.64849,-0.160081,1.35349,-5.684871,-0.590479,6.519741,6.185313
4.532956,9.156376,0.940059,-8.683041,23.36349,-6.439471,7.62133,2.486523,4.048153
1.920484,10.68301,7.822145,-8.499987,-1.665761,6.324899,15.1801,-3.046547,8.804634
-13.35456,-4.873244,-8.824936,0.311182,-5.297143,3.555019,6.533899,4.762667,3.579392
-11.86287,-17.06326,-9.339112,-3.362639,8.902873,-7.25316,-4.134122,-9.161526,-15.00722
-13.03488,-5.825309,-4.027663,-16.52006,23.12618,15.95253,11.33592,11.17467,6.726072
-0.811547,-17.8892,2.015091,1.858595,-5.232502,5.652071,2.423306,0.46089,1.117086
-7.834357,-18.78559,-5.966317,17.23931,-18.74701,5.419709,-6.792207,-1.652758,6.332709
1.19741,0.169387,-4.217321,3.4098,-1.39117,3.759567,-5.475338,-8.099779,-3.56279
16.9652,5.757205,6.681727,0.353681,4.852868,10.47346,14.0876,3.498935,13.24804
9.863353,2.705424,7.923067,10.55206,-1.288674,2.512294,2.858114,13.19168,3.700618
0.246984,6.548191,3.563019,-2.638684,0.643222,26.88972,13.02709,18.70716,15.11661
-12.37485,-13.69153,-16.34676,12.53371,-24.76174,-13.21175,-8.457613,-12.45065,-5.781791
-6.628841,-13.12365,-15.68434,7.194194,3.395883,-0.300024,-8.758807,-11.51676,-12.08176
-13.37087,-1.453783,-15.47025,10.58551,3.378274,-10.88223,-4.87856,-10.29221,-6.144547
-0.494176,3.374112,-14.74297,0.040079,-11.02343,9.506713,-0.516387,6.50077,-6.200892
-4.442985,2.728403,-6.020783,9.965743,9.530656,-4.240039,-4.53502,-6.297898,-8.523132
5.138521,8.24531,1.921896,-4.776824,8.368393,-3.043666,-3.063459,7.576467,-2.828962
5.717667,-0.419822,-1.50267,-3.724758,1.881755,-13.93804,1.661659,-4.650695,0.698182
-8.331649,-4.402871,7.230288,5.878156,-4.600225,9.393799,-0.310724,-6.556535,2.722433
4.357378,4.034092,2.910946,-8.154023,-8.289949,-9.960116,-3.304003,-6.162343,-5.752712
1.162631,-4.097641,-1.301543,-2.571866,-12.42424,11.99815,10.65807,9.021356,19.94347
5.56534,8.037117,-10.38643,-9.253356,1.883395,0.619734,-1.531522,1.269668,-0.680113
-6.133124,-5.454556,-10.35543,-12.26723,3.585665,12.54288,-9.160802,-15.49301,-11.74476
-8.170878,-3.273734,9.689022,1.687147,1.319286,-1.146271,2.379513,-4.529025,-1.280738
-12.59645,-5.929469,-7.726289,1.822142,-7.260034,-10.81914,-4.465973,-0.51133,-4.435632
6.280607,-6.650282,11.79179,25.93477,-12.31962,-2.712353,2.326155,7.455183,4.38917
6.098446,-3.450783,4.180073,-3.920286,-12.50906,-7.232441,-0.890898,-5.532687,-3.67666
-13.05723,-4.080904,-4.213056,8.068666,-1.903495,-19.84243,-14.46887,-18.24267,-17.87829
-9.568099,-10.43461,-1.455824,6.474152,-5.133306,-13.78115,-4.390181,-11.85216,2.387368
-5.384485,-0.126611,4.306072,4.021274,-15.83142,-14.4849,-9.365354,-0.101964,-0.632389
-7.163597,3.874162,2.606089,-0.590734,5.186448,0.113205,1.357822,7.293903,1.039097
4.298066,8.705944,-4.186263,0.755155,-11.4382,-4.990496,-12.43963,-1.714579,-1.568646
-6.976808,4.280616,-3.106129,1.772979,0.195874,6.102844,0.219318,-5.610637,0.129424
-19.36945,-11.64404,-17.21005,24.77417,-20.45455,-37.60733,-18.07033,-18.03124,-14.40625
-16.43305,-9.584334,-7.009494,3.202799,5.430998,16.82217,7.840568,2.813618,11.35784
17.64088,19.48376,13.57317,-2.617449,-11.24962,1.899427,14.10151,9.973162,19.61042
9.785478,8.571526,6.039039,8.880466,11.67426,17.00427,17.82689,12.99146,20.73724
1.456384,-1.758328,9.939523,-5.989682,5.831606,4.667003,8.195392,-6.306602,18.55847
0.684106,-15.72416,-3.094293,-5.454833,19.68605,8.943288,4.119736,14.65726,6.05725
-6.116754,-6.526858,-11.96546,6.000046,2.66333,-12.58316,-14.14667,-11.31429,-13.91417
0.916385,0.064678,8.368093,-8.293504,-9.512642,19.86957,-3.982044,-4.340921,0.75461
1.116781,2.504967,-8.535702,-15.19905,16.10064,-1.766022,-2.389262,-2.605284,-3.490166
3.108519,1.915431,14.89648,11.18355,-1.437874,-9.390114,-5.608452,-5.105997,-8.373422
-3.818336,-3.842885,-19.98656,-2.104121,2.715054,-5.272955,-13.71922,-16.61255,-14.9604
-3.252751,2.331497,-6.565806,2.909732,5.995507,7.830091,16.64375,7.652419,13.85492
-16.60481,-13.9351,-15.61759,6.72349,-32.13696,-9.455781,-19.78408,-19.7904,-17.12082
-21.9292,-19.73055,-10.69454,19.4411,-13.41501,-15.45116,-26.02391,-10.91864,-24.29199
9.506493,8.548171,12.11736,4.212134,-3.050365,-10.22978,-2.369426,-4.155771,-10.46472
8.624313,-5.84411,1.791113,-0.536442,-5.432695,-18.7242,-10.93111,-0.571561,-5.7166
-13.04218,-17.28614,-1.117267,-0.73161,8.693746,6.58222,-5.870817,-15.47957,-12.49628
4.586341,7.362353,-1.49155,-13.00921,6.479048,-13.96952,-9.463594,-9.446909,-16.33146
9.926378,6.094383,13.04856,3.566141,-4.328022,4.978864,14.46578,14.80189,13.27087
0.954122,-1.508612,-15.25256,-1.93582,-2.330731,5.739951,6.885895,6.406196,9.603822
-9.458564,-2.782653,-4.257423,-7.949284,-4.040508,7.963054,-1.186738,-6.912848,-2.139577
17.20633,1.928823,3.644217,7.370139,12.18061,5.176368,15.31921,13.03309,17.3709
-7.854232,0.789304,10.41301,1.92446,-4.025525,2.975835,2.997387,-0.489899,2.932914
7.39084,23.78646,14.8859,-7.946506,2.442579,20.27081,5.579693,8.017806,2.637331
-19.61288,-16.28699,-2.715035,20.64682,-14.0095,-7.931809,-7.519204,-2.828116,-12.01717
-25.55882,-32.98229,-25.92136,20.23063,-12.19579,-12.92357,-14.22087,-14.6227,-20.05717
2.2024,2.883931,-3.760303,-7.020003,-13.85406,10.0589,-15.43572,-20.8024,-11.66647
-6.873514,-14.77963,-23.98304,-2.070305,-6.604276,3.510543,9.598674,6.935591,9.917818
-3.585253,1.104342,-13.2036,-2.647937,16.41788,15.97397,-0.334527,2.670804,-0.341213
-6.913472,-9.035783,-5.01474,3.227703,1.178374,0.028549,-7.779905,-6.224828,-9.922414
4.542614,-0.500237,-4.70855,-10.59978,14.67048,-2.303779,2.69019,0.236558,5.288762
5.577458,13.84871,11.96789,-3.413008,8.593493,1.852869,6.868052,-2.736451,5.668199
-20.34294,-25.47125,-13.69308,8.452681,-11.19905,-5.116446,1.218132,-9.263501,3.964742
-4.950934,0.560966,-3.885066,8.947843,8.617985,-12.41923,-0.964914,-1.188739,-0.246694
10.66692,8.392695,12.51011,-0.283435,-5.228788,13.92306,11.11975,14.51166,12.49443
17.4423,16.24025,6.924501,-0.85044,2.248114,10.56277,2.856561,0.235639,1.211582
4.662388,3.294638,-12.81052,-6.195401,9.377497,-5.881306,-2.786819,-3.919915,-2.055861
-18.70847,-29.33769,-22.46124,16.91435,-17.85078,-6.693196,-10.87903,-6.405478,-0.792856
-4.457077,-6.328931,-1.795483,-8.645643,-12.41843,4.623162,-7.928157,-4.864068,0.295346
1.768142,-7.900652,-9.656079,-5.898936,-6.327457,4.704203,5.115958,1.250571,6.093183
-8.436483,-7.489472,6.323621,-6.430532,0.532284,-1.556206,-3.402149,-4.387104,-4.781599
4.783135,-6.458957,-9.274,-3.897507,0.450993,-4.827069,12.13218,12.14278,8.815773
-17.70518,-9.022487,-14.28739,5.763397,-1.320976,-12.2122,-17.40109,-5.471224,-19.20384
3.262483,-9.020278,1.128483,6.980849,-17.55009,2.464883,-2.150605,4.298048,-2.038207
-2.953581,7.467769,12.45856,9.977006,11.47359,-7.084341,-10.04378,-10.86663,-4.790354
4.046967,-3.030558,-5.212383,-8.834183,17.32672,8.308639,15.02849,18.83519,7.332788
4.555983,4.551663,-1.859041,-16.15897,13.88206,7.412534,-1.83038,1.278756,-12.59931
14.06488,5.834097,16.30578,-17.785,2.260613,7.136842,15.63509,15.77532,11.11477
-9.161387,-25.90489,-8.136293,-6.312826,-0.143127,-0.876678,-0.886692,7.980877,1.411887
-1.759748,-0.233922,-6.852011,23.02754,-8.34215,-7.34334,-12.98995,-14.75613,-18.99179
14.03046,5.129828,5.129707,-1.676394,-4.673725,21.84592,15.02481,-0.24709,15.53275
-2.133416,-1.293741,-2.511443,5.528517,-2.198156,-4.483043,-8.254572,2.468346,-4.425355
7.018427,-1.164798,-8.613354,-0.375651,-2.425377,-0.362544,-5.21529,4.117681,-2.64186
-4.747722,-5.232425,4.763212,6.299218,1.784935,-2.285416,-6.585412,-4.564028,-8.961368
-1.903976,5.620723,5.58794,-5.234234,17.95761,-2.425808,1.337929,-3.428567,-0.933168
7.144101,6.61086,2.721348,7.594318,-5.921399,10.45125,6.407977,0.370312,6.578912
4.536653,1.645229,-4.425706,10.05945,3.189262,7.229837,-12.99464,3.653889,-5.027752
16.1603,5.707578,7.767114,6.595812,6.400879,10.05286,6.103516,11.72679,6.839443
-8.397909,-9.545547,-21.23937,12.11873,-9.287218,-9.257905,2.706572,-7.018473,10.19177
-5.591391,1.625055,10.85369,-0.792933,-3.186871,-12.52453,-4.35049,0.072513,-6.200449
4.669053,-7.602816,-10.68116,-3.052066,-8.48146,1.175749,-8.584635,-9.588578,-21.38054
-3.092596,4.099096,0.628578,-7.62098,5.393939,8.609743,4.014923,-4.992814,-3.947979
-1.329354,0.75311,3.788512,0.145004,-4.204466,-18.82403,-12.6765,-10.65096,-6.862414
-8.680759,-2.681474,-3.545465,-14.30763,-3.794621,1.704326,-1.706186,-15.30358,-7.158555
-13.12156,-8.222708,-21.77393,23.47759,-6.130295,-32.2903,-24.67744,-18.42507,-19.6981
-3.365084,-3.012298,11.9362,6.352516,-17.41186,6.790021,-5.295221,-9.228762,-1.885049
-22.85303,-31.92904,-14.30354,3.783353,-2.693328,13.75951,-0.025609,-14.2809,-8.463984
-15.42544,1.426435,-15.67997,17.73982,-5.852288,-21.36219,-8.551776,-8.882068,-8.3283
-3.634396,-3.985983,14.20948,5.511406,-11.6925,-5.66739,-6.874545,2.578506,-9.703453
-11.50538,-1.932608,-7.035466,-10.29955,1.490003,-3.546624,-0.998809,-7.585037,-0.788015
5.5682,-1.212255,0.24463,-4.052249,16.3736,3.2691,7.818831,7.25344,3.631646
15.93389,19.74543,5.814672,-5.836999,13.03398,15.22845,3.013853,9.60263,3.549733
4.197465,16.61334,8.342291,10.70181,3.200531,-1.500028,1.65391,8.895248,-0.063496
0.214396,7.66164,1.167834,7.020013,-2.034158,8.165902,13.89473,3.157432,19.07907
4.111012,3.412634,-0.340671,-5.586029,-2.080427,5.176743,13.11143,9.353107,11.14372
15.84997,16.18677,2.552349,1.966258,-12.86756,-4.848077,3.578826,6.152942,3.937346
-9.31927,-3.711182,-10.25482,-9.497484,-1.350096,-1.016901,-1.508509,-9.121881,-10.02432
-9.727099,-5.952201,-13.66991,-11.08766,1.276606,-1.922486,-2.921744,1.034769,-3.149511
-5.658416,-8.082348,-1.534063,-6.536811,15.2595,11.81718,1.132699,5.318322,0.271418
-7.250469,-1.048832,-5.948852,5.533191,16.90889,-4.086856,-1.12314,0.589284,3.032526
-3.161987,5.496693,-0.242243,10.18309,-13.96491,-14.74369,-13.56657,-20.46394,-15.55779
9.158682,-4.462573,-2.978658,13.52362,-11.30999,-7.937987,-3.416625,5.248911,3.724883
-8.906149,-11.27026,-11.23373,-9.935139,-2.563033,16.06505,7.199721,4.848768,10.47149
-8.622894,-11.8592,-4.854401,-2.089515,9.793079,3.524244,10.45735,-4.937524,5.385116
-0.151377,-2.968902,-6.632683,-3.790497,2.922705,-12.95283,-7.215097,-8.286724,-7.025592
-12.43086,-1.895779,-1.992026,16.40666,-8.300359,-3.15825,-17.75803,-14.70343,-17.53723
-9.382725,4.184968,7.60375,-15.07627,24.29151,2.172076,3.857853,6.694723,-11.72011
-7.37912,-16.28668,-21.50959,19.98658,-7.346131,0.268445,-0.943941,-9.973461,0.492405
9.483505,11.69641,-0.684715,12.81839,-18.50337,-10.90681,-4.74825,-9.490649,-12.18605
-6.112617,-8.268033,-5.712706,-5.719621,0.010061,-7.133388,-1.371911,3.485803,-3.215336
-20.85591,-14.89345,8.011758,-5.659322,-5.711485,2.850551,-3.450578,-8.494671,-12.39156
7.805839,4.063425,14.2344,8.663864,-23.4238,0.833446,-2.344438,-8.17146,-3.462175
0.310003,4.492476,-5.750539,0.509508,-5.912134,-8.269845,-6.832274,-11.33273,-5.31599
7.463047,12.08804,5.680248,3.711801,-11.17841,-11.09094,-9.983827,5.006375,-5.812939
-10.56132,1.740149,1.243034,-7.24708,15.68772,20.21403,6.817781,-0.080429,4.066429
-8.733792,-1.431649,0.142502,7.79114,-2.137982,-20.01927,-21.2972,-16.79995,-12.04187
-11.96086,-11.11156,-11.49986,20.38992,-3.24653,-3.037184,-12.45314,-8.094748,-7.265615
0.747144,-1.291337,-2.978116,8.469569,-11.75769,10.36613,-0.571727,2.464998,-2.761425
-13.87106,-21.00458,-11.50463,0.115582,1.86612,-1.642268,-9.887348,-13.99852,-6.919886
2.31239,-2.298079,0.404383,3.627622,14.69145,-4.962957,-1.150543,-4.208288,4.409043
0.156789,-10.46436,-4.849735,13.01128,-4.443723,6.352119,0.493906,-4.576052,3.905419
-2.700865,-0.85759,2.763917,11.15058,0.601495,7.116878,1.208765,8.252028,-0.358188
15.85267,13.81152,4.372999,33.28277,-13.59904,-0.748162,3.431362,-1.050633,10.66087
-2.954092,4.758744,-8.047566,-3.003974,-6.331104,2.015693,-9.411157,-18.02143,-5.092135
11.12325,3.778061,9.826874,-13.94545,-11.05491,-7.423266,8.8596,6.295183,17.17603
-9.167084,-8.484867,15.1672,11.6761,-18.66561,-11.87771,-14.13815,-25.82184,-17.79763
-4.682606,-0.220428,0.823237,-3.374799,-9.122204,-2.054147,0.186917,-3.27261,3.212285
0.931077,12.43629,2.057514,-11.20666,14.11064,15.15852,-1.142555,8.890712,7.473314
0.940443,2.667934,10.58908,0.341571,0.151829,5.249313,-6.908873,-6.433948,-9.776073
-7.700275,-1.365203,1.906357,5.571776,-8.694651,2.390283,-13.98303,-1.432318,-12.60573
-8.731447,-6.611044,-15.87134,10.31113,3.50581,2.843421,2.009931,12.33605,-1.958928
4.759249,-1.828874,10.53778,10.13015,3.770998,12.36954,5.878559,19.85138,6.551088
-15.56274,-7.255581,3.036362,4.98464,-3.388087,0.028018,-4.208371,1.702327,-4.928956
7.48773,-3.481597,4.319802,10.22553,5.571759,0.235173,1.128222,-3.403431,6.280973
-4.381787,8.523095,-0.814243,1.672007,4.857299,4.977207,2.854742,13.94894,-0.197666
-8.09753,-10.91513,1.797328,-3.910469,-4.863515,-7.872118,-7.060181,0.304251,-3.852517
11.59353,9.772993,11.33156,-9.022207,-9.608244,6.406962,3.086875,-0.279564,10.10145
13.28461,17.12095,2.632852,-5.695756,3.001677,-4.518135,11.32794,-0.71218,7.192969
3.274111,6.33559,7.966526,-22.63407,-3.404731,4.002903,6.263109,-4.25413,-0.432311
2.871656,3.414905,10.56066,-3.599253,8.025676,-6.79169,12.24979,4.475929,8.856446
2.577785,2.078503,-5.52466,5.369411,-5.751442,0.860869,7.032958,-3.787138,1.084259
15.15843,20.21065,8.040233,-1.093764,-8.675011,-12.16009,3.888996,-0.185587,0.87226
-17.68235,-20.88604,-13.4432,5.205892,-10.63437,-9.503462,-19.83763,-23.93232,-21.3341
