country_code,country,trust_pct,GDP_pc,pop_n,urban_pop_pct,income_top20,income_bottom20,inequality_s80s20,region,income_gr
AL,Albania,2.52,12770.991863440533,2873457,59.383,39.637499999999996,7.9125,5.009478672985781,Europe & Central Asia,Upper middle income
AZ,Azerbaijan,30.36,14121.406935559091,9854033,55.343,NA,NA,NA,Europe & Central Asia,Upper middle income
AT,Austria,48.46,54172.98678882535,8797566,58.094,38.41818181818182,7.90909090909091,4.857471264367816,Europe & Central Asia,High income
AM,Armenia,17.68,12509.639606481782,2851923,63.103,39.574999999999996,8.766666666666667,4.514258555133079,Europe & Central Asia,Upper middle income
BA,Bosnia and Herzegovina,9.61,13582.184752486297,3440027,47.876,40.7,7.5,5.426666666666667,Europe & Central Asia,Upper middle income
BG,Bulgaria,18.05,21469.97088931161,7075947,74.669,44.7,5.863636363636363,7.623255813953489,Europe & Central Asia,Upper middle income
BY,Belarus,42.51,18356.066057551412,9458989,78.134,35.90909090909091,9.654545454545454,3.71939736346516,Europe & Central Asia,Upper middle income
HR,Croatia,17.6,27206.935714080377,4124531,56.667,38.445454545454545,7.327272727272728,5.246898263027295,Europe & Central Asia,High income
CZ,Czechia,28.78,38824.887917091924,10594438,73.675,35.99090909090909,9.763636363636364,3.686219739292365,Europe & Central Asia,High income
DK,Denmark,77.42,55356.680780178,5764980,87.757,37.43636363636364,9.281818181818181,4.0333006856023506,Europe & Central Asia,High income
EE,Estonia,33.9,33821.93290847004,1317384,68.717,39.945454545454545,7.572727272727271,5.274909963985595,Europe & Central Asia,High income
FI,Finland,72.22,47570.13358384801,5508214,85.325,36.78181818181818,9.345454545454546,3.9357976653696496,Europe & Central Asia,High income
FR,France,28.09,44577.06457453943,66918020,80.18,40.53636363636363,7.918181818181818,5.119402985074626,Europe & Central Asia,High income
GE,Georgia,10.77,13589.707391515927,3728004,58.231,43.86666666666665,6.391666666666667,6.863102998696217,Europe & Central Asia,Upper middle income
DE,Germany,45.28,53071.455569991325,82657002,77.261,39.47,8.06,4.897022332506203,Europe & Central Asia,High income
HU,Hungary,28.46,29496.163682474365,9787966,71.062,38.24545454545455,7.909090909090907,4.835632183908047,Europe & Central Asia,High income
IS,Iceland,65.77,55638.49205917962,343400,93.773,36.2875,9.5,3.819736842105263,Europe & Central Asia,High income
IT,Italy,28.48,41581.12079054799,60536709,70.144,41.49090909090909,6.2,6.69208211143695,Europe & Central Asia,High income
LV,Latvia,22.58,28673.563396266407,1942248,68.075,42.199999999999996,6.718181818181819,6.28146143437077,Europe & Central Asia,High income
LT,Lithuania,32.79,33761.87123979601,2828403,67.516,42.845454545454544,6.536363636363635,6.554937413073715,Europe & Central Asia,High income
ME,Montenegro,22.09,19682.294154643838,622373,66.477,43.699999999999996,5.0857142857142845,8.592696629213485,Europe & Central Asia,Upper middle income
NL,Netherlands,61.73,55088.63380067443,17131296,91.077,37.14545454545455,8.91818181818182,4.1651376146788985,Europe & Central Asia,High income
NO,Norway,75.11,64589.5559196863,5276968,81.871,36,9.100000000000001,3.9560439560439553,Europe & Central Asia,High income
PL,Poland,25.49,29958.120709207447,37974826,60.105,39.56,7.67,5.1577574967405475,Europe & Central Asia,High income
PT,Portugal,16.82,33044.71673874793,10300300,64.652,42.49090909090909,6.8909090909090915,6.166226912928759,Europe & Central Asia,High income
RO,Romania,12.63,26943.347737832348,19588715,53.936,40.85454545454546,5.372727272727273,7.604060913705585,Europe & Central Asia,High income
RU,Russia,23.68,25926.443359375,144496739,74.292,45.945454545454545,6.8090909090909095,6.747663551401868,Europe & Central Asia,Upper middle income
RS,Serbia,17.44,16611.04793171899,7020858,55.942,43.1,5.188888888888889,8.306209850107066,Europe & Central Asia,Upper middle income
SK,Slovakia,21.34,30142.367452118888,5439232,53.751,34.56,8.739999999999998,3.954233409610985,Europe & Central Asia,High income
SI,Slovenia,27.17,36507.553041653104,2066388,54.273,34.90909090909091,9.745454545454544,3.582089552238806,Europe & Central Asia,High income
ES,Spain,41.04,39550.18907611227,46593236,80.08,41.481818181818184,5.990909090909091,6.924127465857359,Europe & Central Asia,High income
SE,Sweden,67.38,51947.95424782436,10057698,87.146,37.12727272727273,8.245454545454546,4.502756339581037,Europe & Central Asia,High income
CH,Switzerland,60.81,68193.50549440944,8451840,73.761,40.37777777777778,7.788888888888888,5.1840228245363775,Europe & Central Asia,High income
UA,Ukraine,28.67,11860.560546875,44831135,69.246,35.45454545454545,10.081818181818182,3.5166816952209197,Europe & Central Asia,Lower middle income
MK,North Macedonia,15.05,15706.482701292294,2074502,57.748,41.22,5.3100000000000005,7.7627118644067785,Europe & Central Asia,Upper middle income
GB,United Kingdom,44.19,46104.05539699083,66058859,83.143,40.71818181818182,7.499999999999999,5.42909090909091,Europe & Central Asia,High income
AD,Andorra,25.57,NA,73837,88.15,NA,NA,NA,Europe & Central Asia,High income
AR,Argentina,20.69,23597.117752839007,44044811,91.749,47.13636363636363,4.918181818181818,9.584103512014787,Latin America & Caribbean,Upper middle income
AU,Australia,54.02,48400.2457875228,24594202,85.904,41.75,7.3500000000000005,5.680272108843537,East Asia & Pacific,High income
BD,Bangladesh,12.93,4830.776082681301,161793964,35.858,41.2,8.700000000000001,4.735632183908046,South Asia,Lower middle income
BO,Bolivia,8.6,8244.933445751154,11435533,69.08,49.59090909090909,4.154545454545454,11.936542669584247,Latin America & Caribbean,Lower middle income
BR,Brazil,6.65,14477.861768060051,208504960,86.309,57.34545454545455,3.4454545454545453,16.643799472295516,Latin America & Caribbean,Upper middle income
CA,Canada,49.5,48317.17458351508,36545236,81.35,40.38,7.159999999999999,5.639664804469275,North America,High income
CO,Colombia,4.54,14334.914608362222,48351671,80.446,56.758333333333326,3.633333333333334,15.621559633027518,Latin America & Caribbean,Upper middle income
CY,Cyprus,8.02,38415.109375,1208523,66.836,41.71818181818182,8.190909090909091,5.09322974472808,Europe & Central Asia,High income
CL,Chile,14.27,24546.912420860357,18368577,87.49,51.86,5.5600000000000005,9.327338129496402,Latin America & Caribbean,High income
CN,China,65.44,14243.532610849123,1396215000,57.96,46.272727272727266,6.172727272727273,7.496318114874815,East Asia & Pacific,Upper middle income
EC,Ecuador,5.86,11679.430234276857,16696944,63.67,51.32307692307692,4.5076923076923086,11.385665529010236,Latin America & Caribbean,Upper middle income
EG,Egypt,7.35,10995.005668947884,101789386,42.705,40.5,9.260000000000002,4.37365010799136,Middle East & North Africa,Lower middle income
ET,Ethiopia,11.91,1987.9687536713802,108197950,20.31,42.35,7.65,5.5359477124183005,Sub-Saharan Africa,Low income
GR,Greece,8.42,28604.860940265713,10754679,78.724,41.181818181818194,6.363636363636363,6.471428571428573,Europe & Central Asia,High income
GT,Guatemala,17.98,8322.216809915039,16087418,50.68,53.6,4.5,11.911111111111111,Latin America & Caribbean,Upper middle income
HK,Hong Kong SAR,39.5,59842.21299616579,7393200,100,NA,NA,NA,East Asia & Pacific,High income
IN,India,17.69,6112.06664986136,1354195680,33.6,43.800000000000004,8.112499999999999,5.399075500770417,South Asia,Lower middle income
ID,Indonesia,5.19,10941.920951023143,264498852,54.659,46.5076923076923,6.999999999999999,6.643956043956044,East Asia & Pacific,Upper middle income
IR,Iran,14.84,15163.292311302961,84505076,74.394,46.65714285714286,6.171428571428571,7.560185185185186,Middle East & North Africa,Lower middle income
IQ,Iraq,11.24,9976.854941862852,39621162,70.278,38.5,8.8,4.375,Middle East & North Africa,Upper middle income
JP,Japan,35.6,41444.21574439138,126972000,91.535,40.8,7.949999999999999,5.132075471698113,East Asia & Pacific,High income
JO,Jordan,15.97,9629.102997127515,10215381,90.747,42.4,8.2,5.170731707317073,Middle East & North Africa,Lower middle income
KZ,Kazakhstan,23.89,24862.966124588893,18037776,57.336,37.37777777777777,9.722222222222221,3.8445714285714283,Europe & Central Asia,Upper middle income
KE,Kenya,9.58,4312.908917249892,48948137,26.562,46.1,6.8999999999999995,6.681159420289855,Sub-Saharan Africa,Lower middle income
KG,Kyrgyzstan,11.85,5046.691535490947,6198200,36.135,38.06363636363636,9.600000000000001,3.9649621212121207,Europe & Central Asia,Lower middle income
LB,Lebanon,9.92,17808.076885992024,6109252,88.429,40,7.9,5.063291139240506,Middle East & North Africa,Lower middle income
LY,Libya,9.27,24212.910927091474,6378261,79.817,NA,NA,NA,Middle East & North Africa,Upper middle income
MO,Macau SAR,43.8,122977.50895508743,638609,100,NA,NA,NA,East Asia & Pacific,High income
MY,Malaysia,19.57,25935.139522539564,31975806,75.447,47.97500000000001,5.625,8.52888888888889,East Asia & Pacific,Upper middle income
MV,Maldives,21.32,18973.56895982962,472442,39.38,39.15,8.600000000000001,4.552325581395348,South Asia,Upper middle income
MX,Mexico,10.3,20032.408612594816,122839258,79.867,53.199999999999996,4.75,11.2,Latin America & Caribbean,Upper middle income
MN,Mongolia,27.5,11431.498016396748,3096030,68.363,41.1,7.866666666666666,5.224576271186441,East Asia & Pacific,Lower middle income
MA,Morocco,16.5,7921.619140625,35528115,61.908,47,6.7,7.014925373134328,Middle East & North Africa,Lower middle income
MM,Myanmar,15.08,4312.947389403762,52288341,30.322,42.8,8.1,5.28395061728395,East Asia & Pacific,Lower middle income
NZ,New Zealand,59.5,42204.745741266284,4813600,86.466,NA,NA,NA,East Asia & Pacific,High income
NI,Nicaragua,4.25,5915.37544335425,6480532,58.299,52.1,5.1,10.215686274509805,Latin America & Caribbean,Lower middle income
NG,Nigeria,12.68,5120.005597779135,193495907,49.519,42.825,7.074999999999999,6.053003533568906,Sub-Saharan Africa,Lower middle income
PK,Pakistan,23.5,4891.719773932382,216379655,36.442,39.739999999999995,9.600000000000001,4.1395833333333325,South Asia,Lower middle income
PE,Peru,5.3,12442.746462485215,31605486,77.72,48.56666666666666,4.758333333333334,10.20665499124343,Latin America & Caribbean,Upper middle income
PH,Philippines,5.35,8001.756480061434,106738501,46.682,50.225,5.875,8.548936170212766,East Asia & Pacific,Lower middle income
PR,Puerto Rico,17.83,34363.745992145094,3325286,93.587,NA,NA,NA,Latin America & Caribbean,High income
SG,Singapore,33.98,95334.1455686864,5612253,100,NA,NA,NA,East Asia & Pacific,High income
KR,South Korea,32.93,40957.418058714524,51361911,81.503,39.1,7.4,5.283783783783783,East Asia & Pacific,High income
TW,Taiwan ROC,30.99,NA,NA,NA,NA,NA,NA,NA,NA
TJ,Tajikistan,20.58,3236.4393435030224,8925525,26.982,41.7,7.4,5.635135135135135,Europe & Central Asia,Lower middle income
TH,Thailand,31.37,17008.03842425626,70898202,49.2,44.35833333333333,7.208333333333332,6.153757225433526,East Asia & Pacific,Upper middle income
TN,Tunisia,14.25,10874.946886356063,11811443,68.642,41.9,7.25,5.779310344827586,Middle East & North Africa,Lower middle income
TR,Turkey,14.26,27582.832348690208,82089826,74.644,47.45,5.74,8.266550522648084,Europe & Central Asia,Upper middle income
US,United States,39.74,59907.75426088469,325122128,82.058,46.458333333333336,5.316666666666667,8.738244514106583,North America,High income
UY,Uruguay,14.86,23384.740188579475,3422200,95.24,46.56666666666666,5.616666666666667,8.290801186943618,Latin America & Caribbean,High income
UZ,Uzbekistan,34.71,6840.709860017046,32388600,50.55,NA,NA,NA,Europe & Central Asia,Lower middle income
VE,Venezuela,14.2,NA,NA,NA,NA,NA,NA,NA,NA
VN,Vietnam,27.67,9050.688533862036,94033048,35.213,43.46666666666667,6.816666666666667,6.376528117359413,East Asia & Pacific,Lower middle income
ZW,Zimbabwe,2.14,2331.7808328308556,14751101,32.237,50.400000000000006,5.9,8.542372881355933,Sub-Saharan Africa,Lower middle income
